"date","rcc","gcc","bcc"
"2008-01-01",0.350820009617944,0.336902113280137,0.312277877101919
"2008-01-02",0.334294018895929,0.336164095249333,0.329541885854739
"2008-01-03",0.323888992465437,0.341714760837687,0.334396246696876
"2008-01-04",0.330503462154557,0.338787501761608,0.330709036083835
"2008-01-05",0.332330634709689,0.340420862404965,0.327248502885346
"2008-01-06",0.353166398417608,0.338792133586668,0.308041467995724
"2008-01-07",0.353708244322079,0.336778539296114,0.309513216381807
"2008-01-08",0.345916232984615,0.345085258568926,0.308998508446459
"2008-01-09",0.391434924907051,0.385687916504809,0.22287715858814
"2008-01-10",0.342459137744381,0.33989189249756,0.317648969758059
"2008-01-11",0.431263398862376,0.376851185810659,0.191885415326965
"2008-01-12",0.328910330802098,0.383261903455406,0.287827765742496
"2008-01-13",0.346533115718476,0.343854313025416,0.309612571256108
"2008-01-14",0.332329250459849,0.341993660890502,0.32567708864965
"2008-01-15",0.352353213613584,0.343318314340699,0.304328472045717
"2008-01-16",0.35803424098309,0.338365971443836,0.303599787573075
"2008-01-17",0.349421797362372,0.340333433040758,0.31024476959687
"2008-01-18",0.354953034309222,0.34944010351318,0.295606862177598
"2008-01-19",0.350811223748133,0.344877194502356,0.30431158174951
"2008-01-20",0.356174527415984,0.33935777655996,0.304467696024055
"2008-01-21",0.3516782383927,0.339772140950668,0.308549620656632
"2008-01-22",0.38740762429562,0.340746668386707,0.271845707317673
"2008-01-23",0.313821832669747,0.373145399133231,0.313032768197023
"2008-01-24",0.405267922706102,0.379657283145783,0.215074794148115
"2008-01-25",0.358784971132443,0.369924052336667,0.27129097653089
"2008-01-26",0.350882621991322,0.356852096431189,0.292265281577489
"2008-01-27",0.353945873336077,0.337296338925395,0.308757787738528
"2008-01-28",0.356932542153124,0.340660325234745,0.30240713261213
"2008-01-29",0.34557300989964,0.389059220531808,0.265367769568552
"2008-01-30",0.340238095957105,0.339531609121114,0.320230294921781
"2008-01-31",0.337941752735724,0.340248957370391,0.321809289893885
"2008-02-01",0.349331741896769,0.343076076892401,0.30759218121083
"2008-02-02",0.343864339386989,0.348034551952378,0.308101108660633
"2008-02-03",0.33857259359203,0.361335634298446,0.300091772109524
"2008-02-04",0.350500234797414,0.390509926424962,0.258989838777624
"2008-02-05",0.33485919553416,0.366890061875258,0.298250742590582
"2008-02-06",0.356770037005572,0.346724515207983,0.296505447786444
"2008-02-07",0.408728199978115,0.382222903472115,0.20904889654977
"2008-02-08",0.392068177692976,0.379999397193531,0.227932425113493
"2008-02-09",0.392596843357164,0.378978633468184,0.228424523174652
"2008-02-10",0.386271626712068,0.386175746067626,0.227552627220306
"2008-02-11",0.38158647355437,0.384748149977568,0.233665376468062
"2008-02-12",0.34332341749246,0.339084024966403,0.317592557541137
"2008-02-13",0.30722723258648,0.356471945573618,0.336300821839902
"2008-02-14",0.344022635133785,0.33984578798642,0.316131576879795
"2008-02-15",0.338811631847525,0.35288254423377,0.308305823918705
"2008-02-16",0.392430662243204,0.364893744461892,0.242675593294904
"2008-02-17",0.376408133990014,0.373923236609029,0.249668629400957
"2008-02-18",0.427201832469458,0.387792535867184,0.185005631663358
"2008-02-19",0.309508946287637,0.340892924066726,0.349598129645636
"2008-02-20",0.413027076021833,0.384114748386756,0.202858175591412
"2008-03-03",0.365679942601014,0.398399141784734,0.235920915614252
"2008-03-04",0.409059240339676,0.400059303327729,0.190881456332595
"2008-03-05",0.422500279579487,0.396469278918091,0.181030441502422
"2008-03-06",0.397841786701063,0.391502338101642,0.210655875197295
"2008-03-07",0.357921715857348,0.39432092655278,0.247757357589872
"2008-03-08",0.339451665449761,0.387627694755283,0.272920639794956
"2008-03-09",0.366059348861091,0.418689497517618,0.215251153621291
"2008-03-10",0.391453013345086,0.403733154095164,0.20481383255975
"2008-03-11",0.338068680448996,0.364495698699984,0.29743562085102
"2008-03-12",0.336662675247828,0.360874191939283,0.302463132812889
"2008-03-13",0.341489807296042,0.359917369938996,0.298592822764962
"2008-03-14",0.332721576693088,0.341749746825637,0.325528676481275
"2008-03-15",0.373774539978368,0.413269656541032,0.2129558034806
"2008-03-16",0.348979162388091,0.390350663294249,0.26067017431766
"2008-03-18",0.360681740499421,0.388217279681013,0.251100979819566
"2008-03-19",0.337827312858216,0.367907062769867,0.294265624371917
"2008-03-20",0.344961906629282,0.345617571088122,0.309420522282596
"2008-03-21",0.348416866951901,0.34299790511332,0.308585227934779
"2008-03-22",0.285152778945608,0.351275226273307,0.363571994781085
"2008-03-23",0.302506242347193,0.353148457050993,0.344345300601814
"2008-03-24",0.308610390011638,0.344083118333198,0.347306491655164
"2008-03-25",0.294467490692591,0.344898283867256,0.360634225440153
"2008-03-26",0.309579047349334,0.347499097402437,0.342921855248229
"2008-03-27",0.301661222087584,0.337302721850724,0.361036056061691
"2008-03-28",0.339951949523366,0.400143800829307,0.259904249647327
"2008-03-29",0.349412406082453,0.405604837418954,0.244982756498593
"2008-03-30",0.409325208755887,0.413102680291146,0.177572110952967
"2008-03-31",0.383187480292205,0.397913421266691,0.218899098441104
"2008-04-01",0.378363524314564,0.40565765997953,0.215978815705906
"2008-04-02",0.355613895381479,0.38459926336915,0.259786841249371
"2008-04-03",0.371500433151897,0.358361108477084,0.27013845837102
"2008-04-04",0.337713225447659,0.351113582213149,0.311173192339192
"2008-04-05",0.330015963311339,0.338850218298943,0.331133818389717
"2008-04-06",0.338332851522017,0.35319700940501,0.308470139072974
"2008-04-07",0.31127114417689,0.349943423053005,0.338785432770105
"2008-04-08",0.305915382501012,0.356881871167422,0.337202746331565
"2008-04-09",0.332452411514986,0.375734558383798,0.291813030101216
"2008-04-10",0.318291528878086,0.338007498996209,0.343700972125705
"2008-04-11",0.353124682336992,0.340272074251996,0.306603243411012
"2008-04-12",0.340975976981994,0.342707801451293,0.316316221566713
"2008-04-13",0.412485147577043,0.411150422551542,0.176364429871415
"2008-04-14",0.389489500066339,0.396025414260261,0.2144850856734
"2008-04-15",0.350647100958524,0.338760835930835,0.310592063110641
"2008-04-16",0.35544082680191,0.342697362497363,0.301861810700726
"2008-04-17",0.321178312221259,0.391341130340066,0.287480557438675
"2008-04-18",0.31488488267554,0.381182336812741,0.303932780511719
"2008-04-19",0.346260266188142,0.341311584139291,0.312428149672567
"2008-04-20",0.329792768439113,0.340207664008231,0.329999567552656
"2008-04-21",0.356814056498045,0.376250220085106,0.266935723416849
"2008-04-22",0.350969512212302,0.341928413416381,0.307102074371317
"2008-04-23",0.395845484099503,0.401437557823661,0.202716958076836
"2008-04-24",0.413038689673847,0.420543441533693,0.16641786879246
"2008-04-25",0.339424074376853,0.393354856268553,0.267221069354594
"2008-04-26",0.387719863053776,0.406349833138183,0.205930303808041
"2008-04-27",0.405794212475181,0.427180342886653,0.167025444638166
"2008-04-28",0.407121386070897,0.423288071068032,0.169590542861071
"2008-04-29",0.344088184228446,0.387187951102816,0.268723864668738
"2008-04-30",0.380252308049199,0.409621695113501,0.2101259968373
"2008-05-01",0.400535399808856,0.416181404806825,0.183283195384318
"2008-05-02",0.392796940972946,0.407735697008282,0.199467362018771
"2008-05-03",0.39911726834312,0.424088355635936,0.176794376020944
"2008-05-04",0.394858647201871,0.42560330321718,0.179538049580949
"2008-05-05",0.337041726125197,0.412474520932627,0.250483752942176
"2008-05-06",0.402222002448365,0.424585035691778,0.173192961859858
"2008-05-07",0.389818651533512,0.425690115672347,0.184491232794141
"2008-05-08",0.390435071002193,0.424898360664859,0.184666568332948
"2008-05-09",0.396782516465972,0.42307165996054,0.180145823573488
"2008-05-10",0.389602619200075,0.424825373184514,0.185572007615412
"2008-05-11",0.391388349297041,0.422010651002757,0.186600999700202
"2008-05-12",0.406380475197943,0.424726611359107,0.16889291344295
"2008-05-13",0.402201830161101,0.430863442672318,0.166934727166581
"2008-05-14",0.400040275284028,0.422686670471491,0.177273054244481
"2008-05-15",0.403786605075341,0.432830277880907,0.163383117043752
"2008-05-16",0.335151085952616,0.399738489176448,0.265110424870936
"2008-05-17",0.372471737298816,0.391374652819639,0.236153609881545
"2008-05-18",0.326441579494068,0.340816908464837,0.332741512041094
"2008-05-19",0.338435455022748,0.384312639913246,0.277251905064006
"2008-05-20",0.345091967125604,0.408723878872452,0.246184154001944
"2008-05-21",0.357501695885148,0.398048399372209,0.244449904742643
"2008-05-22",0.343136065892214,0.405163341375492,0.251700592732294
"2008-05-23",0.374397715533453,0.398411720790536,0.227190563676012
"2008-05-24",0.36418072886037,0.421844526860479,0.213974744279151
"2008-05-25",0.353380913503128,0.41778971247538,0.228829374021492
"2008-05-26",0.380788470859338,0.409779627275879,0.209431901864782
"2008-05-27",0.305247351951358,0.338179156926421,0.35657349112222
"2008-05-28",0.398982347231521,0.460269961107744,0.140747691660735
"2008-05-29",0.382181304669377,0.473827737167247,0.143990958163376
"2008-05-30",0.385262732135801,0.498015351150669,0.116721916713529
"2008-05-31",0.368927041797862,0.501288000728078,0.12978495747406
"2008-06-01",0.351248247758812,0.498224619320995,0.150527132920193
"2008-06-02",0.324551036323411,0.51243454084264,0.163014422833949
"2008-06-03",0.344203018229903,0.485470777309351,0.170326204460746
"2008-06-04",0.348043215219644,0.359558692748688,0.292398092031669
"2008-06-05",0.347352419934553,0.495719161601435,0.156928418464012
"2008-06-06",0.343047840172251,0.496028546240241,0.160923613587508
"2008-06-07",0.338769014760223,0.478241851548876,0.182989133690901
"2008-06-08",0.322654406957786,0.49232871320134,0.185016879840874
"2008-06-09",0.344583491383784,0.482140014495072,0.173276494121144
"2008-06-10",0.33781597818361,0.512697923746846,0.149486098069544
"2008-06-11",0.291044214698557,0.43289003121096,0.276065754090483
"2008-06-12",0.332760526798789,0.409832781789811,0.2574066914114
"2008-06-13",0.348965391681024,0.362947608765648,0.288086999553328
"2008-06-14",0.341464171633823,0.436764872755365,0.221770955610811
"2008-06-15",0.329385391488143,0.434057702648517,0.23655690586334
"2008-06-16",0.306936285970459,0.415122083582794,0.277941630446747
"2008-06-17",0.304222472522697,0.428830853349509,0.266946674127795
"2008-06-18",0.322313944119494,0.423531898474995,0.254154157405512
"2008-06-19",0.318625214121744,0.435780031472466,0.245594754405791
"2008-06-20",0.332996328662636,0.44389013277492,0.223113538562444
"2008-06-21",0.330449082590066,0.432240004146024,0.237310913263909
"2008-06-22",0.353270552716775,0.462317836476503,0.184411610806722
"2008-06-23",0.357110395556719,0.463059276197919,0.179830328245362
"2008-06-24",0.368373937850164,0.439833512096343,0.191792550053492
"2008-06-25",0.332894906242409,0.444704806596068,0.222400287161523
"2008-06-26",0.341671359015713,0.47116679858448,0.187161842399807
"2008-06-27",0.318994540968025,0.431958063736738,0.249047395295237
"2008-06-28",0.341080767501416,0.432626019051933,0.226293213446651
"2008-06-29",0.345697411761456,0.475268682513848,0.179033905724696
"2008-06-30",0.347062398260462,0.458915610410545,0.194021991328993
"2008-07-01",0.250841225873913,0.457869041609804,0.291289732516282
"2008-07-02",0.317271811507239,0.470172426337343,0.212555762155418
"2008-07-03",0.340179075548092,0.482236167082188,0.17758475736972
"2008-07-04",0.308558794308159,0.426552021814775,0.264889183877066
"2008-07-05",0.345513317523582,0.483220884518117,0.1712657979583
"2008-07-06",0.329634482255978,0.436890629237049,0.233474888506973
"2008-07-07",0.298993777767837,0.394315333705832,0.306690888526331
"2008-07-08",0.309459680245649,0.406149318834806,0.284391000919545
"2008-07-09",0.325689897082733,0.477972556276372,0.196337546640895
"2008-07-10",0.331639242227206,0.441511950289172,0.226848807483622
"2008-07-11",0.343013784842813,0.487834908168496,0.169151306988692
"2008-07-12",0.336621311665455,0.437438214478691,0.225940473855854
"2008-07-13",0.33780433683288,0.448560566111173,0.213635097055947
"2008-07-14",0.316421668635874,0.461074189530039,0.222504141834087
"2008-07-15",0.327070711700064,0.447193032970332,0.225736255329604
"2008-07-16",0.350996521132815,0.444865654672692,0.204137824194493
"2008-07-17",0.345682550615064,0.447441191152343,0.206876258232593
"2008-07-18",0.348412528967235,0.346533814708819,0.305053656323946
"2008-07-19",0.334421653248826,0.349927063108252,0.315651283642923
"2008-07-20",0.343490310334313,0.452325962219639,0.204183727446048
"2008-07-21",0.335660127683474,0.427344581045373,0.236995291271153
"2008-07-22",0.334391963678336,0.437204764679398,0.228403271642266
"2008-07-23",0.326291671193386,0.430509930576265,0.243198398230349
"2008-07-24",0.357253126776169,0.442838972054593,0.199907901169238
"2008-07-25",0.352431995517036,0.480948556382626,0.166619448100338
"2008-07-26",0.358784526459034,0.474507844836015,0.166707628704951
"2008-07-27",0.354356781643935,0.477514566551915,0.16812865180415
"2008-07-28",0.348536512914146,0.482785687955489,0.168677799130365
"2008-07-29",0.362610164430839,0.47323665157712,0.164153183992041
"2008-07-30",0.345731569549658,0.429950611206515,0.224317819243827
"2008-07-31",0.348757199032011,0.454304754478294,0.196938046489695
"2008-08-01",0.319677471562099,0.426332759208814,0.253989769229087
"2008-08-02",0.32485223492214,0.437894281947464,0.237253483130395
"2008-08-03",0.374562154134713,0.454007652326069,0.171430193539218
"2008-08-04",0.338506280522823,0.434683671931504,0.226810047545674
"2008-08-05",0.322634678362491,0.497736903651257,0.179628417986252
"2008-08-06",0.340256815607271,0.487119875506724,0.172623308886006
"2008-08-07",0.34279228276569,0.476894700948156,0.180313016286154
"2008-08-08",0.329130278094103,0.431295822308125,0.239573899597773
"2008-08-09",0.351874253463384,0.440011594626387,0.208114151910229
"2008-08-10",0.338658936953414,0.425531856381194,0.235809206665392
"2008-08-11",0.367823803870858,0.474775656833794,0.157400539295348
"2008-08-12",0.315125081887821,0.43419771997325,0.25067719813893
"2008-08-13",0.378392125599922,0.464759608771848,0.15684826562823
"2008-08-14",0.355964657709622,0.45542482899319,0.188610513297187
"2008-08-15",0.351437625005736,0.379622988671092,0.268939386323172
"2008-08-16",0.281570720312593,0.424906402631238,0.293522877056169
"2008-08-17",0.359348375908397,0.451772559438202,0.188879064653401
"2008-08-18",0.329657716646453,0.433573808661667,0.23676847469188
"2008-08-19",0.369034827584264,0.473931073792067,0.157034098623668
"2008-08-20",0.336925752198896,0.366819135011588,0.296255112789516
"2008-08-21",0.366383920880387,0.459836752083398,0.173779327036215
"2008-08-22",0.36312225324916,0.451114044557526,0.185763702193314
"2008-08-23",0.3614776689149,0.460958526121825,0.177563804963275
"2008-08-24",0.331246297088682,0.425714422619941,0.243039280291378
"2008-08-25",0.347013730166805,0.430943800776712,0.222042469056483
"2008-08-26",0.304949880769298,0.443554031087745,0.251496088142957
"2008-08-27",0.32310559182887,0.449078217111919,0.227816191059211
"2008-08-28",0.329134909056948,0.40046147457406,0.270403616368991
"2008-08-29",0.320208010967721,0.394391865752392,0.285400123279887
"2008-08-30",0.325972528807522,0.432700390185393,0.241327081007085
"2008-08-31",0.336731112793219,0.482840504940786,0.180428382265995
"2008-09-01",0.338009076759367,0.424531082197797,0.237459841042836
"2008-09-02",0.301322868544892,0.416901499658172,0.281775631796936
"2008-09-03",0.368660943844737,0.449643439401204,0.18169561675406
"2008-09-04",0.340200141967416,0.351336123401281,0.308463734631302
"2008-09-05",0.32676914652616,0.409202183011034,0.264028670462807
"2008-09-06",0.369154662021653,0.429920594933964,0.200924743044382
"2008-09-07",0.317491219462936,0.429590808060198,0.252917972476867
"2008-09-08",0.353737778590544,0.42475696041287,0.221505260996586
"2008-09-09",0.323843532734588,0.478509848477063,0.197646618788349
"2008-09-10",0.368049918932413,0.454358268942616,0.177591812124971
"2008-09-11",0.297532132212638,0.438076610618814,0.264391257168548
"2008-09-12",0.378540811886469,0.445276891153508,0.176182296960023
"2008-09-13",0.355751265557377,0.337148171678423,0.3071005627642
"2008-09-14",0.373785651564468,0.436111685535124,0.190102662900408
"2008-09-15",0.354766745491746,0.342742607263364,0.30249064724489
"2008-09-16",0.353354851050419,0.337722749599806,0.308922399349774
"2008-09-17",0.328473278170569,0.413210176297347,0.258316545532083
"2008-09-18",0.381010256314113,0.430633512527757,0.18835623115813
"2008-09-19",0.360007434235005,0.441768182762033,0.198224383002962
"2008-09-20",0.326459463454778,0.429929904038201,0.243610632507021
"2008-09-21",0.358756262335694,0.349362305222054,0.291881432442252
"2008-09-22",0.333540388570831,0.342414307471388,0.324045303957781
"2008-09-23",0.35346823251865,0.345911833226096,0.300619934255254
"2008-09-24",0.355174226758585,0.34026208442384,0.304563688817575
"2008-09-25",0.352824306182636,0.338818919813804,0.30835677400356
"2008-09-26",0.324756125109768,0.373133608715386,0.302110266174846
"2008-09-27",0.317095999695408,0.343419185635941,0.339484814668651
"2008-09-28",0.368645428861829,0.429248031225761,0.20210653991241
"2008-09-29",0.407980878365727,0.420628733674552,0.171390387959721
"2008-09-30",0.314991539128955,0.401076718789171,0.283931742081874
"2008-10-01",0.352888525530214,0.348295138880894,0.298816335588892
"2008-10-02",0.319701510205153,0.409169621896771,0.271128867898076
"2008-10-03",0.389769690584627,0.43513380812401,0.175096501291363
"2008-10-04",0.363732576139343,0.361452687806058,0.274814736054599
"2008-10-05",0.383122788188385,0.425325357191686,0.191551854619929
"2008-10-06",0.352144731223362,0.347941584892077,0.299913683884561
"2008-10-07",0.342738803156909,0.344955544698398,0.312305652144693
"2008-10-08",0.322803534419414,0.354210078594889,0.322986386985698
"2008-10-09",0.32883098381676,0.340261467598009,0.33090754858523
"2008-10-10",0.304070368196528,0.407876662959507,0.288052968843965
"2008-10-11",0.352213315254155,0.405661925198557,0.242124759547288
"2008-10-12",0.313443226690857,0.339570008457005,0.346986764852139
"2008-10-13",0.366985299763436,0.408610658002964,0.2244040422336
"2008-10-14",0.350299229295185,0.339343889979382,0.310356880725434
"2008-10-15",0.35557035707823,0.344110421052242,0.300319221869528
"2008-10-16",0.331940314964847,0.36988510659735,0.298174578437803
"2008-10-17",0.354229186544042,0.337986459005097,0.307784354450862
"2008-10-18",0.396923323019671,0.41641079354728,0.186665883433048
"2008-10-19",0.343652311841524,0.378620880288206,0.27772680787027
"2008-10-20",0.384368253593146,0.407148743186683,0.208483003220171
"2008-10-21",0.304909400476098,0.400164177578753,0.294926421945149
"2008-10-22",0.351637393662586,0.342916396602454,0.30544620973496
"2008-10-23",0.390922855129192,0.409033419538154,0.200043725332653
"2008-10-24",0.402100794300209,0.404336014190844,0.193563191508947
"2008-10-25",0.397291151756763,0.405629395659887,0.19707945258335
"2008-10-26",0.371292595388543,0.395301908048861,0.233405496562596
"2008-10-27",0.356315567281944,0.341969814024984,0.301714618693072
"2008-10-28",0.36586168163689,0.356241435975428,0.277896882387682
"2008-10-29",0.352255288938564,0.338416251930116,0.30932845913132
"2008-10-30",0.332920461901133,0.340434515680481,0.326645022418386
"2008-10-31",0.332746162260112,0.373156510194222,0.294097327545666
"2008-11-01",0.356275662520421,0.401598050610369,0.24212628686921
"2008-11-02",0.387403383592712,0.405112713107398,0.20748390329989
"2008-11-03",0.354678940099275,0.344545533377268,0.300775526523457
"2008-11-04",0.378607787280291,0.406211367953607,0.215180844766102
"2008-11-05",0.32053164548785,0.34334467898759,0.33612367552456
"2008-11-06",0.331034710197858,0.339256439492384,0.329708850309758
"2008-11-07",0.355700355409628,0.342128364324294,0.302171280266077
"2008-11-08",0.38903687118322,0.392390203585236,0.218572925231543
"2008-11-09",0.341227728312293,0.385182748547749,0.273589523139959
"2008-11-10",0.332701005831435,0.376368843623444,0.290930150545121
"2008-11-11",0.40595446472814,0.401730559866168,0.192314975405691
"2008-11-12",0.316818844425766,0.394809113063281,0.288372042510952
"2008-11-13",0.29603749224014,0.389542481209004,0.314420026550856
"2008-11-14",0.337445348688875,0.377293863587227,0.285260787723897
"2008-11-15",0.342511665809299,0.340480841148163,0.317007493042538
"2008-11-16",0.346361370561265,0.34320196379301,0.310436665645725
"2008-11-17",0.391267850042188,0.396798993073097,0.211933156884715
"2008-11-18",0.336690406983512,0.385005965448244,0.278303627568244
"2008-11-19",0.356253389906936,0.345005979022744,0.298740631070321
"2008-11-20",0.35431041517346,0.343684658872661,0.30200492595388
"2008-11-21",0.354853817574778,0.34869124698335,0.296454935441872
"2008-11-22",0.345948742881795,0.34564136076716,0.308409896351045
"2008-11-23",0.340736570746757,0.36159760002931,0.297665829223933
"2008-11-24",0.352077496236451,0.337685448037537,0.310237055726012
"2008-11-25",0.302587991355838,0.337452266599244,0.359959742044918
"2008-11-26",0.330841925157936,0.339803038619822,0.329355036222242
"2008-11-27",0.311510915378002,0.339918608064216,0.348570476557782
"2008-11-28",0.313835554832252,0.346450977253012,0.339713467914736
"2008-11-29",0.349969336851459,0.342965645518216,0.307065017630325
"2008-11-30",0.324654455548211,0.362272070867574,0.313073473584215
"2008-12-01",0.334626314203389,0.410196626538748,0.255177059257864
"2008-12-02",0.347845510121874,0.337082508455846,0.31507198142228
"2008-12-03",0.335539905949085,0.338162209257648,0.326297884793268
"2008-12-04",0.354371398468716,0.336410732191272,0.309217869340012
"2008-12-05",0.351294396736303,0.335802472431758,0.312903130831939
"2008-12-06",0.354357495158838,0.334986005371273,0.310656499469889
"2008-12-07",0.333916650812296,0.35156382300286,0.314519526184844
"2008-12-08",0.339021069145621,0.340717351994954,0.320261578859425
"2008-12-09",0.351242477046667,0.337566724717025,0.311190798236308
"2008-12-10",0.348763683070846,0.34758050400248,0.303655812926674
"2008-12-11",0.3423239633576,0.340339702334211,0.317336334308188
"2008-12-12",0.322126452999184,0.340726954075504,0.337146592925312
"2008-12-13",0.339656952981656,0.33915946202476,0.321183584993584
"2008-12-14",0.324365226581468,0.335472081366606,0.340162692051926
"2008-12-15",0.316839133138347,0.336910275417079,0.346250591444574
"2008-12-16",0.328331862066316,0.343069796054519,0.328598341879165
"2008-12-17",0.350794301235629,0.337072218377691,0.31213348038668
"2008-12-18",0.353450800412814,0.336999392747048,0.309549806840138
"2008-12-19",0.35057893694961,0.334618136352602,0.314802926697788
"2008-12-20",0.351616492959092,0.338230764772072,0.310152742268835
"2008-12-21",0.361340792329269,0.347119088025233,0.291540119645498
"2008-12-22",0.357844923674557,0.363154845751701,0.279000230573742
"2008-12-23",0.341630426799231,0.412830409526871,0.245539163673897
"2008-12-24",0.351484675070812,0.340998181611438,0.307517143317751
"2008-12-25",0.350374638253521,0.339564008205196,0.310061353541282
"2008-12-26",0.348450168655146,0.34049530495344,0.311054526391414
"2008-12-27",0.338509735530576,0.346975863529923,0.314514400939502
"2008-12-28",0.310079588669821,0.350955691306107,0.338964720024072
"2008-12-29",0.320930390324863,0.357238748612316,0.321830861062821
"2008-12-30",0.345469485844548,0.389054304692589,0.265476209462862
"2008-12-31",0.351686175760284,0.404838046190964,0.243475778048751
"2009-01-01",0.350792953235949,0.34061343565585,0.308593611108201
"2009-01-02",0.320552465743636,0.362874000232477,0.316573534023887
"2009-01-03",0.319179413888168,0.367133989109434,0.313686597002397
"2009-01-04",0.343512545069725,0.35318306127731,0.303304393652965
"2009-01-05",0.350293190937848,0.347312261167188,0.302394547894964
"2009-01-06",0.335402917432639,0.342404686407502,0.32219239615986
"2009-01-07",0.330944648428401,0.34472752267865,0.324327828892948
"2009-01-08",0.319482790653407,0.344619028065364,0.335898181281228
"2009-01-09",0.374156376577781,0.397984248971087,0.227859374451132
"2009-01-10",0.379682521686987,0.40467381101648,0.215643667296533
"2009-01-11",0.323606148682778,0.388848685989449,0.287545165327773
"2009-01-12",0.363948787572704,0.38792248301291,0.248128729414385
"2009-01-13",0.357556460183829,0.3911611195829,0.25128242023327
"2009-01-14",0.395685355527607,0.3918992145507,0.212415429921693
"2009-01-15",0.345317681933418,0.401656492697381,0.2530258253692
"2009-01-16",0.385966764752788,0.398706009960636,0.215327225286577
"2009-01-17",0.331613215704091,0.345705391427948,0.32268139286796
"2009-01-18",0.3319657836718,0.359807734426075,0.308226481902125
"2009-01-19",0.353222054306902,0.341557384308973,0.305220561384125
"2009-01-20",0.360216927285091,0.394723167506151,0.245059905208759
"2009-01-21",0.332501472768093,0.366234039483797,0.30126448774811
"2009-01-22",0.345023136013948,0.340736011940519,0.314240852045533
"2009-01-23",0.379032636822155,0.36204360520522,0.258923757972625
"2009-01-24",0.333291500328027,0.361895035722834,0.304813463949138
"2009-01-25",0.354132653359944,0.342906980281253,0.302960366358803
"2009-01-26",0.353678371243092,0.34143841442148,0.304883214335428
"2009-01-27",0.351731460107438,0.337065700279016,0.311202839613546
"2009-01-28",0.315112413746558,0.354951778151527,0.329935808101915
"2009-01-29",0.352429444896388,0.34115242792147,0.306418127182142
"2009-01-30",0.348452327251339,0.348103453068873,0.303444219679788
"2009-01-31",0.336026966429432,0.352390889237457,0.311582144333111
"2009-02-01",0.345334714122408,0.34959802714816,0.305067258729432
"2009-02-02",0.34419376175547,0.343719116298049,0.31208712194648
"2009-02-03",0.351035467385395,0.350108937042545,0.29885559557206
"2009-02-04",0.377973804526199,0.399234884851291,0.22279131062251
"2009-02-05",0.350483335296351,0.387531655642853,0.261985009060796
"2009-02-06",0.416503203621577,0.394936026882772,0.18856076949565
"2009-02-07",0.40179950441894,0.402256362673303,0.195944132907757
"2009-02-08",0.391725856286425,0.39658241272614,0.211691730987435
"2009-02-09",0.307634404073434,0.368880370426296,0.32348522550027
"2009-02-10",0.354801983817497,0.338906574708651,0.306291441473852
"2009-02-11",0.334941269933811,0.3524895604489,0.312569169617289
"2009-02-12",0.292768913478929,0.343740939019564,0.363490147501507
"2009-02-13",0.332793276311876,0.34972641476553,0.317480308922594
"2009-02-14",0.326204323063513,0.341397460643916,0.332398216292571
"2009-02-15",0.293762047515286,0.344605222656456,0.361632729828257
"2009-02-16",0.330991208422406,0.342266421918629,0.326742369658966
"2009-02-17",0.305990220203646,0.337180119403221,0.356829660393133
"2009-02-18",0.284729181438185,0.339959818449533,0.375311000112282
"2009-02-19",0.303975188175839,0.339509472601483,0.356515339222679
"2009-02-20",0.277590831845606,0.336846619168809,0.385562548985585
"2009-02-21",0.316121320926345,0.345339285942123,0.338539393131532
"2009-02-22",0.324782448229661,0.335704587276846,0.339512964493493
"2009-02-23",0.340478224762079,0.342268318266295,0.317253456971626
"2009-02-24",0.334594429605276,0.334266785476568,0.331138784918156
"2009-02-25",0.293115545332781,0.334194961613815,0.372689493053404
"2009-02-26",0.329904193987364,0.331367201640574,0.338728604372062
"2009-02-27",0.325225185966762,0.337323665692049,0.337451148341189
"2009-02-28",0.342512686798733,0.33612233513413,0.321364978067137
"2009-03-01",0.314550196488167,0.360497676206865,0.324952127304968
"2009-03-02",0.325579707844399,0.343544424225231,0.330875867930371
"2009-03-03",0.343831430294564,0.355864311710405,0.300304257995031
"2009-03-04",0.340543517160479,0.392041816394807,0.267414666444714
"2009-03-05",0.323759125736573,0.409802186133897,0.26643868812953
"2009-03-06",0.35202938664045,0.336683785614876,0.311286827744674
"2009-03-07",0.361185518178511,0.338558815683757,0.300255666137732
"2009-03-08",0.355137235138164,0.339748001404179,0.305114763457657
"2009-03-09",0.352907395739881,0.36225808602357,0.284834518236549
"2009-03-10",0.354622054300651,0.33830343494546,0.30707451075389
"2009-03-11",0.322413499550711,0.341567294349803,0.336019206099486
"2009-03-12",0.3423039945168,0.339118397003919,0.318577608479281
"2009-03-13",0.369206403989522,0.413983939861352,0.216809656149127
"2009-03-14",0.387877142786112,0.421229677066564,0.190893180147324
"2009-03-15",0.334109201126515,0.37446269599571,0.291428102877775
"2009-03-16",0.349532248468123,0.39704426420717,0.253423487324707
"2009-03-17",0.354000311368974,0.340538654234703,0.305461034396323
"2009-03-18",0.385245255037088,0.410220019689536,0.204534725273376
"2009-03-19",0.349000023146402,0.398525132275664,0.252474844577934
"2009-03-20",0.38839135032872,0.401132127822124,0.210476521849156
"2009-03-21",0.385683362067409,0.404784225034373,0.209532412898218
"2009-03-22",0.329027362252157,0.392139419655866,0.278833218091976
"2009-03-23",0.360671598824441,0.347762315647177,0.291566085528382
"2009-03-24",0.395525463894801,0.401866360265644,0.202608175839555
"2009-03-25",0.328196541537775,0.340393164384599,0.331410294077626
"2009-03-26",0.339075470799807,0.34059455099212,0.320329978208074
"2009-03-27",0.346362201881127,0.397682864173286,0.255954933945588
"2009-03-28",0.362787901630603,0.351871860550908,0.285340237818489
"2009-03-29",0.356812623750396,0.416534615003321,0.226652761246283
"2009-03-30",0.401126201365862,0.412854832559897,0.186018966074241
"2009-03-31",0.384688285707472,0.410933626137387,0.204378088155141
"2009-04-01",0.383221215926349,0.41160354357705,0.205175240496601
"2009-04-02",0.401948751044258,0.409458446114953,0.188592802840789
"2009-04-03",0.396287486702702,0.420959843545326,0.182752669751971
"2009-04-04",0.390266293665895,0.409891694536946,0.199842011797159
"2009-04-05",0.347863814151985,0.352646035745657,0.299490150102358
"2009-04-06",0.39392027819162,0.416220340435659,0.189859381372721
"2009-04-07",0.392536489371073,0.419910626950707,0.18755288367822
"2009-04-08",0.36911427256424,0.408317203575313,0.222568523860447
"2009-04-09",0.413011014428686,0.419134433632481,0.167854551938833
"2009-04-10",0.396786665061619,0.429558537141666,0.173654797796715
"2009-04-11",0.393054887685784,0.443245845872904,0.163699266441312
"2009-04-12",0.397070748768352,0.434019865471602,0.168909385760046
"2009-04-13",0.394990641573217,0.437942880538545,0.167066477888238
"2009-04-14",0.390795356222547,0.475038131704892,0.134166512072561
"2009-04-15",0.413425902495136,0.449312824133685,0.137261273371178
"2009-04-16",0.415110785702778,0.436371272813815,0.148517941483407
"2009-04-17",0.359114956740322,0.350440174469992,0.290444868789687
"2009-04-18",0.319769582757611,0.340060148145866,0.340170269096523
"2009-04-19",0.287547537484356,0.343929946547508,0.368522515968136
"2009-04-20",0.38802308385281,0.440929809079242,0.171047107067948
"2009-04-21",0.39505924136813,0.437020943185147,0.167919815446723
"2009-04-22",0.394595194246997,0.438739743519992,0.16666506223301
"2009-04-23",0.346598768258709,0.344824341071946,0.308576890669345
"2009-04-24",0.34798913034713,0.408152436911374,0.243858432741495
"2009-04-25",0.387958923240876,0.42173670129633,0.190304375462794
"2009-04-26",0.376810322748972,0.415544947441054,0.207644729809974
"2009-04-27",0.375000694514837,0.417954661094706,0.207044644390457
"2009-04-28",0.406143579979707,0.434137711178256,0.159718708842037
"2009-05-06",0.350360639972711,0.341297677416897,0.308341682610393
"2009-05-07",0.318948603559258,0.388683743231505,0.292367653209236
"2009-05-08",0.3261072074397,0.371437137581381,0.302455654978919
"2009-05-09",0.346338190122967,0.409081840108524,0.244579969768509
"2009-05-10",0.327830286908554,0.376704190893097,0.295465522198349
"2009-05-11",0.294794132970497,0.367857386186049,0.337348480843454
"2009-05-12",0.337629355696468,0.4160420334824,0.246328610821132
"2009-05-13",0.391755541115972,0.422734061098263,0.185510397785765
"2009-05-14",0.385015161300013,0.407374469524242,0.207610369175746
"2009-05-15",0.38564927126873,0.41359886152804,0.20075186720323
"2009-05-16",0.424197931304188,0.43060690485877,0.145195163837041
"2009-05-17",0.433089646170039,0.42567959087627,0.141230762953691
"2009-05-18",0.407442337861747,0.445917247907403,0.14664041423085
"2009-05-19",0.437711162520846,0.445377848472652,0.116910989006502
"2009-05-20",0.421719269688768,0.4608981942584,0.117382536052832
"2009-05-21",0.412293598391472,0.474569209300498,0.113137192308031
"2009-05-25",0.407163434639119,0.470348396241975,0.122488169118906
"2009-05-26",0.37460627120225,0.470776530901011,0.154617197896739
"2009-05-27",0.417400932268234,0.480009958562294,0.102589109169472
"2009-05-28",0.358817683529531,0.458138243325842,0.183044073144627
"2009-05-29",0.398265542999962,0.468748186863045,0.132986270136992
"2009-05-30",0.384636335451614,0.490762002999603,0.124601661548783
"2009-05-31",0.403109878006441,0.474656135677057,0.122233986316503
"2009-06-01",0.332532618554927,0.488578845088192,0.178888536356881
"2009-06-02",0.405586110610275,0.497869033987679,0.0965448554020458
"2009-06-03",0.394300335487736,0.477750673952223,0.127948990560042
"2009-06-04",0.390312521439075,0.456824482546755,0.15286299601417
"2009-06-05",0.381771816858845,0.463147644595088,0.155080538546068
"2009-06-06",0.36516514765731,0.475807470261663,0.159027382081026
"2009-06-07",0.306862644044165,0.340278073956922,0.352859281998913
"2009-06-08",0.387656334047543,0.487120430990364,0.125223234962093
"2009-06-09",0.363087215610339,0.502473287282034,0.134439497107626
"2009-06-10",0.340366933612139,0.497843615549726,0.161789450838136
"2009-06-11",0.358840254045772,0.37827902873733,0.262880717216898
"2009-06-12",0.36293742714784,0.490662337939682,0.146400234912478
"2009-06-13",0.353987091161798,0.503678690224355,0.142334218613847
"2009-06-14",0.33360067870798,0.531334488589699,0.135064832702321
"2009-06-15",0.349210903766094,0.506909807804558,0.143879288429348
"2009-06-16",0.307079696076225,0.455637864689552,0.237282439234223
"2009-06-17",0.343843372358255,0.476199040023313,0.179957587618433
"2009-06-18",0.349519900066502,0.492832325676214,0.157647774257284
"2009-06-19",0.346793916283006,0.509704363192485,0.143501720524509
"2009-06-20",0.325483399386111,0.513038125310801,0.161478475303089
"2009-06-21",0.366543021108423,0.405145126563177,0.228311852328399
"2009-06-22",0.311493050529652,0.342941543172206,0.345565406298142
"2009-06-23",0.373474773704508,0.483936030213641,0.142589196081852
"2009-06-24",0.327989499073686,0.452607414888668,0.219403086037646
"2009-06-25",0.310500561264239,0.34119477860726,0.3483046601285
"2009-06-26",0.303086328216012,0.346968571356735,0.349945100427253
"2009-06-27",0.323183953880503,0.347799530528423,0.329016515591074
"2009-06-28",0.337257981545747,0.343846184946447,0.318895833507806
"2009-06-29",0.304607284662351,0.542210237070276,0.153182478267373
"2009-06-30",0.27795222612843,0.558464424096826,0.163583349774744
"2009-07-01",0.305634066420341,0.504324553647286,0.190041379932373
"2009-07-02",0.35094632138585,0.507129010958107,0.141924667656043
"2009-07-03",0.342211624430784,0.509110906394004,0.148677469175211
"2009-07-04",0.326007334949541,0.459839795290495,0.214152869759964
"2009-07-05",0.351883162803446,0.501044665029882,0.147072172166672
"2009-07-06",0.325068548457068,0.417162513645539,0.257768937897393
"2009-07-07",0.374054302839445,0.488562919944761,0.137382777215794
"2009-07-08",0.308736901138631,0.581078592829309,0.110184506032059
"2009-07-09",0.368158880690142,0.466526844628796,0.165314274681062
"2009-07-10",0.36774441286999,0.472602552200837,0.159653034929173
"2009-07-11",0.34204684247337,0.434843750276897,0.223109407249733
"2009-07-12",0.367389518692564,0.47798290242197,0.154627578885467
"2009-07-13",0.379938241219876,0.467721024516888,0.152340734263237
"2009-07-14",0.322212253947937,0.459599035026256,0.218188711025807
"2009-07-15",0.354140529111413,0.462344820685229,0.183514650203357
"2009-07-16",0.3615294949094,0.479728746819506,0.158741758271094
"2009-07-17",0.359453534679144,0.475832604211673,0.164713861109182
"2009-07-18",0.370255614465019,0.413179734502255,0.216564651032726
"2009-07-19",0.295072169687468,0.484438922883627,0.220488907428905
"2009-07-20",0.319867836156681,0.443488538339623,0.236643625503696
"2009-07-21",0.339406244888657,0.501735897780478,0.158857857330865
"2009-07-22",0.350347519202402,0.501022532779427,0.14862994801817
"2009-07-23",0.341488049090153,0.5137349777335,0.144776973176347
"2009-07-24",0.270148446977161,0.501180765447868,0.22867078757497
"2009-07-25",0.267228691477457,0.43392143490965,0.298849873612893
"2009-07-26",0.381475710334671,0.48459243681,0.133931852855329
"2009-07-27",0.346793646736841,0.512140294943875,0.141066058319284
"2009-07-28",0.360887214345371,0.488347305749561,0.150765479905068
"2009-07-29",0.350630204855999,0.510791757146675,0.138578037997326
"2009-07-30",0.349949506501266,0.520420728717778,0.129629764780956
"2009-07-31",0.360174073013624,0.493517119402141,0.146308807584235
"2009-08-01",0.351892822219191,0.50574737573522,0.142359802045589
"2009-08-02",0.384629172186389,0.490959927386819,0.124410900426791
"2009-08-03",0.307912157559958,0.491601560417718,0.200486282022324
"2009-08-04",0.33928225224969,0.499180306791186,0.161537440959124
"2009-08-05",0.364784978545611,0.493279285750321,0.141935735704068
"2009-08-06",0.363398218222997,0.495817593176815,0.140784188600188
"2009-08-07",0.368872253274548,0.472693176979997,0.158434569745455
"2009-08-08",0.36309481482718,0.489620253543429,0.147284931629391
"2009-08-09",0.353117836086902,0.453573418930255,0.193308744982843
"2009-08-10",0.387766927278764,0.476379934654899,0.135853138066336
"2009-08-11",0.334167957162099,0.448920463549484,0.216911579288417
"2009-08-12",0.350251552029005,0.459065982723964,0.190682465247031
"2009-08-13",0.346961360915268,0.467812612842653,0.185226026242079
"2009-08-14",0.382641159702845,0.458372269774559,0.158986570522597
"2009-08-15",0.354039096652624,0.479744721024294,0.166216182323082
"2009-08-16",0.381186879089181,0.456681928007639,0.16213119290318
"2009-08-17",0.376744500756805,0.458458204512798,0.164797294730397
"2009-08-18",0.356527633750574,0.4563299063977,0.187142459851726
"2009-08-19",0.366104537300897,0.464683518430275,0.169211944268828
"2009-08-20",0.360798625803658,0.470537515516816,0.168663858679526
"2009-08-21",0.358464883689027,0.508993622149668,0.132541494161304
"2009-08-22",0.327892020050878,0.458436804827613,0.213671175121509
"2009-08-23",0.371339887714851,0.468856360497807,0.159803751787342
"2009-08-24",0.371009811422783,0.47480648817404,0.154183700403177
"2009-08-25",0.363821430081766,0.475542254254426,0.160636315663808
"2009-08-26",0.32765997724346,0.490964420030575,0.181375602725965
"2009-08-27",0.375995984952798,0.449493057080005,0.174510957967197
"2009-08-28",0.370381959778986,0.459200238793469,0.170417801427545
"2009-08-29",0.396961216322202,0.452517171143866,0.150521612533932
"2009-08-30",0.370643647583813,0.4638505536153,0.165505798800887
"2009-08-31",0.36748371684478,0.461770622386343,0.170745660768877
"2009-09-01",0.345024508433821,0.506602416230335,0.148373075335844
"2009-09-02",0.395964264197454,0.449722939564299,0.154312796238248
"2009-09-03",0.320872984640908,0.436568101813987,0.242558913545104
"2009-09-04",0.330106268115026,0.44177429389568,0.228119437989294
"2009-09-05",0.356510623783086,0.344072617025528,0.299416759191386
"2009-09-06",0.365554025745955,0.432843848030482,0.201602126223563
"2009-09-07",0.368984594705184,0.463811519355782,0.167203885939034
"2009-09-08",0.363208394035905,0.458025831605615,0.17876577435848
"2009-09-09",0.347156783549583,0.460585677763413,0.192257538687004
"2009-09-10",0.336698959133849,0.369774625132583,0.293526415733568
"2009-09-11",0.364106659020133,0.468174205862309,0.167719135117558
"2009-09-12",0.388980209147755,0.447837536655059,0.163182254197186
"2009-09-13",0.350940581550341,0.444827095767333,0.204232322682326
"2009-09-14",0.357058073884113,0.344036826416329,0.298905099699558
"2009-09-15",0.348007485500838,0.339268823490989,0.312723691008172
"2009-09-16",0.323851086559176,0.339880884538283,0.33626802890254
"2009-09-17",0.325108324151551,0.343841844660431,0.331049831188018
"2009-09-18",0.381770838311269,0.442461909143978,0.175767252544753
"2009-09-19",0.380461676905263,0.448313534142136,0.171224788952601
"2009-09-20",0.376520739854037,0.458337883613637,0.165141376532326
"2009-09-21",0.345908054622378,0.42380376531193,0.230288180065692
"2009-09-22",0.367464492621412,0.456705700245095,0.175829807133493
"2009-09-23",0.372590251813347,0.43730187225719,0.190107875929463
"2009-09-24",0.348209084169477,0.489453460693895,0.162337455136628
"2009-09-25",0.399688742232435,0.437205963587233,0.163105294180332
"2009-09-26",0.378132291760662,0.441940572765656,0.179927135473682
"2009-09-27",0.373132517288371,0.448750385644497,0.178117097067132
"2009-09-28",0.404057879047253,0.456480874735112,0.139461246217635
"2009-09-29",0.344380210886397,0.34159052493025,0.314029264183353
"2009-09-30",0.311943734926957,0.336962401160674,0.351093863912368
"2009-10-01",0.340893700916145,0.378037707769256,0.281068591314599
"2009-10-02",0.367633315251719,0.41291302319958,0.2194536615487
"2009-10-03",0.334339182859415,0.365339926472425,0.300320890668159
"2009-10-07",0.320978082330218,0.338157084388079,0.340864833281703
"2009-10-08",0.386436217407694,0.42638956836705,0.187174214225256
"2009-10-09",0.35986908477696,0.405742693882491,0.23438822134055
"2009-10-10",0.328287034196717,0.338250656638359,0.333462309164923
"2009-10-11",0.36042897676632,0.395508726306353,0.244062296927327
"2009-10-12",0.33626848394471,0.340002707955682,0.323728808099608
"2009-10-13",0.349721758558089,0.348210954555062,0.302067286886849
"2009-10-14",0.351164314833451,0.401095890479785,0.247739794686764
"2009-10-15",0.333653064265285,0.432264663056621,0.234082272678094
"2009-10-16",0.350989722087043,0.338742832223898,0.310267445689059
"2009-10-17",0.336999857361105,0.340272837959958,0.322727304678937
"2009-10-18",0.351214761148608,0.341173736988297,0.307611501863095
"2009-10-19",0.362135940540428,0.412627782623319,0.225236276836253
"2009-10-20",0.369269296604471,0.410649990867247,0.220080712528282
"2009-10-21",0.33831849725982,0.414964954092408,0.246716548647772
"2009-10-22",0.327658370162187,0.399381953035872,0.272959676801941
"2009-10-23",0.337212873670441,0.35488146794799,0.307905658381568
"2009-10-24",0.336285481898339,0.336184378684825,0.327530139416835
"2009-10-25",0.333591536154399,0.338887045003636,0.327521418841965
"2009-10-26",0.348796838556886,0.341740480045418,0.309462681397696
"2009-10-27",0.354077139677464,0.340130009788912,0.305792850533624
"2009-10-28",0.420830075973693,0.408985787691849,0.170184136334458
"2009-10-29",0.361772331004924,0.372575537562084,0.265652131432991
"2009-10-30",0.338668736253402,0.336937187298856,0.324394076447742
"2009-10-31",0.361561243381022,0.401933226887753,0.236505529731225
"2009-11-01",0.313499941100395,0.331754506277592,0.354745552622014
"2009-11-02",0.332639318969667,0.338566156242809,0.328794524787524
"2009-11-03",0.352951536187576,0.342348931697079,0.304699532115345
"2009-11-04",0.342743121113247,0.355156119597887,0.302100759288866
"2009-11-05",0.336137002225737,0.36280654152412,0.301056456250142
"2009-11-10",0.357642158616306,0.34975570740913,0.292602133974564
"2009-11-11",0.35774113589643,0.344555263518749,0.297703600584821
"2009-11-12",0.315036916772825,0.331828964488717,0.353134118738457
"2009-11-13",0.349541314072192,0.341861422700901,0.308597263226908
"2009-11-14",0.435664330421623,0.418148694938924,0.146186974639453
"2009-11-15",0.362896977179556,0.429630089211357,0.207472933609087
"2009-11-16",0.350363146619186,0.34391841302864,0.305718440352174
"2009-11-17",0.358600533431271,0.35328157909308,0.288117887475649
"2009-11-18",0.366117299841451,0.364624410335211,0.269258289823338
"2009-11-19",0.350419458355324,0.340899624091911,0.308680917552764
"2009-11-20",0.429604811067935,0.411240169125585,0.15915501980648
"2009-11-21",0.364401841491191,0.422990633287,0.212607525221809
"2009-11-22",0.384473434494061,0.419408435028091,0.196118130477848
"2009-11-23",0.34774585511157,0.409657397150519,0.242596747737911
"2009-11-24",0.359652284571689,0.43293020390488,0.207417511523431
"2009-11-25",0.403303254420105,0.435354383687895,0.161342361891999
"2009-11-26",0.388964875999852,0.461601400342313,0.149433723657835
"2009-11-27",0.320842914174303,0.438002464924647,0.24115462090105
"2009-11-28",0.355556891583359,0.436402915226886,0.208040193189755
"2009-11-29",0.439862593854843,0.431406191015799,0.128731215129357
"2009-11-30",0.367906527783812,0.427488127741821,0.204605344474367
"2009-12-01",0.353950177558375,0.338296318195372,0.307753504246253
"2009-12-02",0.356198617510459,0.334061191555311,0.30974019093423
"2009-12-03",0.334452704657472,0.346804355885189,0.318742939457339
"2009-12-04",0.349641599439237,0.344736880438783,0.30562152012198
"2009-12-05",0.358035070910686,0.351765161380969,0.290199767708344
"2009-12-06",0.351262351643983,0.342428476447935,0.306309171908082
"2009-12-07",0.351960742864873,0.413839310530858,0.23419994660427
"2009-12-08",0.35106345414431,0.34065337666338,0.30828316919231
"2009-12-09",0.351986806723402,0.334031263078827,0.313981930197771
"2009-12-10",0.35371296240146,0.339678215260049,0.306608822338491
"2009-12-11",0.35149920663463,0.338751544128916,0.309749249236453
"2009-12-12",0.348065816275955,0.340562202555013,0.311371981169032
"2009-12-13",0.316197634149135,0.345403898191904,0.338398467658961
"2009-12-15",0.3329791234331,0.336647598551222,0.330373278015678
"2009-12-16",0.280824474288132,0.340663792233669,0.3785117334782
"2009-12-17",0.26950755958443,0.336182158790556,0.394310281625014
"2009-12-18",0.337703983536753,0.342770132679011,0.319525883784236
"2009-12-19",0.307445370602831,0.338865740172051,0.353688889225119
"2009-12-22",0.354876851391203,0.334185685080103,0.310937463528695
"2009-12-23",0.316984580445704,0.33841316718487,0.344602252369426
"2009-12-24",0.291064106310925,0.341650691502158,0.367285202186917
"2009-12-25",0.305708656315646,0.37796634294931,0.316325000735044
"2009-12-26",0.340390452264586,0.339605942042408,0.320003605693006
"2009-12-27",0.308280942130582,0.360667738876874,0.331051318992543
"2009-12-28",0.347807579974784,0.343647746553318,0.308544673471899
"2009-12-29",0.26645758218663,0.336532822465709,0.397009595347661
"2009-12-30",0.345397513012794,0.337548027428016,0.317054459559189
"2009-12-31",0.346061530241111,0.335203085234677,0.318735384524212
"2010-03-04",0.339022380828128,0.339620960624972,0.3213566585469
"2010-03-05",0.335105316161149,0.332859049790184,0.332035634048667
"2010-03-06",0.334841190183345,0.332935989598367,0.332222820218288
"2010-03-07",0.335064259195283,0.333556542708768,0.331379198095949
"2010-03-08",0.341086333291322,0.336650981652377,0.322262685056301
"2010-03-09",0.346688011182523,0.343660039413008,0.309651949404469
"2010-03-10",0.353682937798944,0.35033565458408,0.295981407616976
"2010-03-11",0.342055306041604,0.341253162699621,0.316691531258775
"2010-03-12",0.333319461780796,0.334703188178136,0.331977350041068
"2010-03-13",0.343502761034173,0.347952919966309,0.308544318999518
"2010-03-14",0.336015709045185,0.340481565620781,0.323502725334034
"2010-03-15",0.336547946666251,0.334869315910811,0.328582737422938
"2010-03-16",0.334482636919227,0.334094688658932,0.331422674421841
"2010-03-17",0.352481323088881,0.354026876384219,0.2934918005269
"2010-03-18",0.367744150952107,0.364705283570338,0.267550565477554
"2010-03-19",0.370266955528955,0.369561617679745,0.2601714267913
"2010-03-20",0.335485299615287,0.332583394949763,0.33193130543495
"2010-03-21",0.335219831109044,0.333267082242953,0.331513086648003
"2010-03-22",0.336060532600636,0.332521305055745,0.331418162343619
"2010-03-23",0.365573307094267,0.368903653109359,0.265523039796374
"2010-03-24",0.36500563450853,0.368865661133266,0.266128704358204
"2010-03-25",0.381262096638273,0.374041879833218,0.244696023528508
"2010-03-26",0.369915654345285,0.371559975212482,0.258524370442232
"2010-03-27",0.339644040995465,0.352262866329088,0.308093092675446
"2010-03-28",0.336292042249387,0.337331063280478,0.326376894470135
"2010-03-29",0.339742989875205,0.343002643959261,0.317254366165534
"2010-03-30",0.367440125252794,0.372792532252318,0.259767342494888
"2010-03-31",0.34888500110987,0.357575310853006,0.293539688037124
"2010-04-01",0.355337102938004,0.362419695950739,0.282243201111257
"2010-04-02",0.374651526880217,0.370869602278124,0.254478870841659
"2010-04-03",0.348064312874729,0.353324467045427,0.298611220079844
"2010-04-04",0.357832633906698,0.368302875041925,0.273864491051377
"2010-04-05",0.342313352145974,0.351806112392384,0.305880535461642
"2010-04-06",0.356174679703379,0.359529756036649,0.284295564259972
"2010-04-07",0.373280145307179,0.368509515291936,0.258210339400885
"2010-04-08",0.361405761342924,0.367412962183611,0.271181276473465
"2010-04-09",0.344475625748156,0.350803605065574,0.30472076918627
"2010-04-10",0.344712810901698,0.352770586718628,0.302516602379675
"2010-04-11",0.335564721443971,0.333656684434779,0.33077859412125
"2010-04-12",0.335459511816467,0.332410597893079,0.332129890290454
"2010-04-13",0.336988771662712,0.332835363484005,0.330175864853283
"2010-04-14",0.333748244166522,0.344442044057564,0.321809711775914
"2010-04-15",0.335532730333033,0.332349875636663,0.332117394030304
"2010-04-16",0.347498083281986,0.354430226497018,0.298071690220996
"2010-04-17",0.378521517720687,0.37242634911145,0.249052133167863
"2010-04-18",0.380246243144687,0.373419846711897,0.246333910143416
"2010-04-19",0.381459485484262,0.375078341047543,0.243462173468194
"2010-04-20",0.356262644930174,0.363998745105531,0.279738609964295
"2010-04-21",0.350216757284166,0.356540898874982,0.293242343840852
"2010-04-22",0.379791886746089,0.372751645668125,0.247456467585786
"2010-04-23",0.379587910411417,0.372986344756816,0.247425744831767
"2010-04-24",0.381442817580457,0.374074583900188,0.244482598519355
"2010-04-25",0.382283623917371,0.373224025887219,0.24449235019541
"2010-04-26",0.352484833674491,0.359387275432024,0.288127890893485
"2010-04-27",0.349254590387822,0.356005135865434,0.294740273746745
"2010-04-28",0.384669571177341,0.375624045620631,0.239706383202028
"2010-04-29",0.372033356364504,0.374537473912691,0.253429169722805
"2010-04-30",0.36989126313266,0.374768469416979,0.255340267450361
"2010-05-01",0.343023326961661,0.349919310701978,0.307057362336361
"2010-05-02",0.336018734378633,0.342970516483123,0.321010749138244
"2010-05-03",0.348030464862824,0.357664296602276,0.2943052385349
"2010-05-04",0.338611319725068,0.335509616176561,0.325879064098372
"2010-05-05",0.350864434942159,0.358086082575775,0.291049482482066
"2010-05-06",0.336055533599157,0.332975678164112,0.33096878823673
"2010-05-07",0.336289823133197,0.33276907744142,0.330941099425383
"2010-05-08",0.348910544131251,0.356883380179951,0.294206075688798
"2010-05-09",0.341740466021814,0.349705250055831,0.308554283922355
"2010-05-10",0.343705059752203,0.35105808407058,0.305236856177217
"2010-05-11",0.335271259969897,0.332791499094861,0.331937240935241
"2010-05-12",0.344609626860785,0.358269444432142,0.297120928707073
"2010-05-13",0.34452066303174,0.353865359763943,0.301613977204317
"2010-05-14",0.343257873079827,0.352367173902781,0.304374953017392
"2010-05-15",0.335725860025222,0.332137598908814,0.332136541065964
"2010-05-16",0.351863700302624,0.358837833279291,0.289298466418085
"2010-05-17",0.364025507826343,0.372331636068513,0.263642856105144
"2010-05-18",0.349984911245313,0.362283874697267,0.28773121405742
"2010-05-19",0.337214713204968,0.333897429033476,0.328887857761556
"2010-05-20",0.335808727707526,0.331391329273305,0.332799943019169
"2010-05-21",0.34573545854902,0.352239354509871,0.302025186941109
"2010-05-22",0.351536702720907,0.358802672023813,0.28966062525528
"2010-05-23",0.354626379265569,0.363036037278476,0.282337583455956
"2010-05-24",0.361738471984495,0.370877462224651,0.267384065790854
"2010-05-25",0.350785291277837,0.363517174302605,0.285697534419557
"2010-05-26",0.360604110826222,0.370389449085803,0.269006440087975
"2010-05-27",0.357440258293968,0.368063457879718,0.274496283826313
"2010-05-28",0.34041767494835,0.343619124644834,0.315963200406816
"2010-05-29",0.36332255213541,0.376959132125734,0.259718315738856
"2010-05-30",0.336796385925746,0.347086961699357,0.316116652374897
"2010-05-31",0.350847363661413,0.374067832388735,0.275084803949852
"2010-06-01",0.344376606892686,0.351445855448701,0.304177537658613
"2010-06-02",0.335742374146048,0.33252611006967,0.331731515784282
"2010-06-03",0.345948093412865,0.365761982770805,0.288289923816329
"2010-06-04",0.376417218596205,0.385258513782578,0.238324267621217
"2010-06-05",0.374782833800042,0.389639246846141,0.235577919353818
"2010-06-06",0.362544523372345,0.388562142320248,0.248893334307407
"2010-06-07",0.347042709242917,0.378320477056758,0.274636813700325
"2010-06-08",0.340481929331961,0.375316547509781,0.284201523158258
"2010-06-09",0.351359579245842,0.380576873485036,0.268063547269122
"2010-06-10",0.332601172185831,0.374980249987842,0.292418577826327
"2010-06-11",0.350719872291261,0.380007491820479,0.26927263588826
"2010-06-12",0.333645041841767,0.376586429052028,0.289768529106206
"2010-06-13",0.35464064044986,0.379643693136586,0.265715666413554
"2010-06-14",0.324352209935493,0.366958060045086,0.308689730019422
"2010-06-15",0.332761907947771,0.371143422295753,0.296094669756475
"2010-06-16",0.356905158310153,0.379631959744617,0.26346288194523
"2010-06-17",0.346902602174655,0.375500725224097,0.277596672601248
"2010-06-18",0.321544910201709,0.364082766306112,0.314372323492179
"2010-06-19",0.328512261025483,0.369848860154063,0.301638878820454
"2010-06-20",0.330500032900306,0.368819976041892,0.300679991057802
"2010-06-21",0.331227112426153,0.371098260369438,0.297674627204409
"2010-06-22",0.328478170805382,0.367843539824285,0.303678289370333
"2010-06-23",0.34437878413941,0.374354497305265,0.281266718555325
"2010-06-24",0.349852309460252,0.374210787141376,0.275936903398372
"2010-06-25",0.328974382449649,0.363454823735363,0.307570793814988
"2010-06-26",0.341227199533516,0.370609155235992,0.288163645230492
"2010-06-27",0.355847090603963,0.376483827283995,0.267669082112042
"2010-06-28",0.344550648601238,0.370876287798083,0.284573063600679
"2010-06-29",0.346411719109964,0.369570936313327,0.284017344576709
"2010-06-30",0.335346502877456,0.364938687157373,0.299714809965171
"2010-07-01",0.329375519087707,0.363601065702005,0.307023415210289
"2010-07-02",0.346966660189267,0.369872421858755,0.283160917951978
"2010-07-03",0.330518447971426,0.360887101743808,0.308594450284767
"2010-07-04",0.322799860656167,0.355588642831867,0.321611496511966
"2010-07-05",0.326799548287404,0.360880599872227,0.31231985184037
"2010-07-06",0.338933398222789,0.367173946157279,0.293892655619932
"2010-07-07",0.346407734562775,0.367715556977555,0.285876708459669
"2010-07-08",0.354182101931717,0.373427740821673,0.27239015724661
"2010-07-09",0.354022800439915,0.372930331057849,0.273046868502236
"2010-07-10",0.347362142492556,0.368073960101245,0.284563897406198
"2010-07-11",0.337464631257128,0.366833394579804,0.295701974163068
"2010-07-12",0.339760595409718,0.36625609884075,0.293983305749532
"2010-07-13",0.346458780138359,0.370820719287718,0.282720500573923
"2010-07-14",0.351794937260342,0.370139805727784,0.278065257011874
"2010-07-15",0.352976958833077,0.372755230625449,0.274267810541474
"2010-07-16",0.350807078336803,0.369866865753262,0.279326055909935
"2010-07-17",0.326969863277513,0.367311801933531,0.305718334788956
"2010-07-18",0.340945005381419,0.365726472510029,0.293328522108553
"2010-07-19",0.350444399892764,0.370573165795487,0.278982434311749
"2010-07-20",0.353993398286174,0.371508984030373,0.274497617683453
"2010-07-21",0.353371941337466,0.371403184980536,0.275224873681998
"2010-07-22",0.343372704323893,0.365806430052176,0.29082086562393
"2010-07-23",0.324243565889687,0.344544148755614,0.331212285354699
"2010-07-24",0.326684626400737,0.362934814236421,0.310380559362842
"2010-07-25",0.342810193701325,0.369193634866949,0.287996171431726
"2010-07-26",0.329490710367769,0.362867194134626,0.307642095497605
"2010-07-27",0.328628823217138,0.364783525245967,0.306587651536895
"2010-07-28",0.324111386814337,0.35895553758289,0.316933075602773
"2010-07-29",0.335119475720685,0.364666753372721,0.300213770906594
"2010-07-30",0.325847905366031,0.358163828910071,0.315988265723897
"2010-07-31",0.354108658213998,0.371681709332976,0.274209632453026
"2010-08-01",0.342540980821861,0.366090013068236,0.291369006109903
"2010-08-02",0.345542651084537,0.367110087353914,0.287347261561549
"2010-08-03",0.332400568492449,0.341636242270382,0.325963189237169
"2010-08-04",0.335512530046034,0.361924071698179,0.302563398255787
"2010-08-05",0.335065152268042,0.365767523732367,0.299167323999592
"2010-08-06",0.33196889063281,0.334300070766306,0.333731038600884
"2010-08-07",0.335487818278048,0.36324065190158,0.301271529820372
"2010-08-08",0.327376980366747,0.363376489399992,0.309246530233261
"2010-08-09",0.325645534642321,0.354957049784797,0.319397415572882
"2010-08-10",0.325437458817443,0.364861712674616,0.309700828507941
"2010-08-11",0.330323222704786,0.36320942887561,0.306467348419605
"2010-08-12",0.331493114436638,0.340857320120126,0.327649565443236
"2010-08-13",0.328190925555839,0.344875040010588,0.326934034433573
"2010-08-14",0.329289255943555,0.3620138475238,0.308696896532645
"2010-08-15",0.331925050297731,0.335191072270638,0.33288387743163
"2010-08-16",0.324882870055996,0.356255378619826,0.318861751324178
"2010-08-17",0.331344883492852,0.337064510071083,0.331590606436065
"2010-08-18",0.328153112461753,0.35212349381482,0.319723393723427
"2010-08-19",0.328966430886739,0.358032842068127,0.313000727045134
"2010-08-20",0.353642724467756,0.369518635776159,0.276838639756085
"2010-08-21",0.353837847356387,0.369165114979065,0.276997037664548
"2010-08-22",0.331642084555771,0.357955068482698,0.310402846961531
"2010-08-23",0.332378381763299,0.338026816062559,0.329594802174142
"2010-08-24",0.333664037270953,0.358939309874537,0.30739665285451
"2010-08-25",0.339333224114315,0.358296144707072,0.302370631178613
"2010-08-26",0.338788711522446,0.359007068932083,0.302204219545471
"2010-08-27",0.321123584099275,0.355484905967389,0.323391509933336
"2010-08-28",0.33253071023232,0.361565368752352,0.305903921015329
"2010-08-29",0.335895442049663,0.361466866960923,0.302637690989414
"2010-08-30",0.338715737432019,0.365793260194426,0.295491002373556
"2010-08-31",0.334833755675053,0.353255148458485,0.311911095866462
"2010-09-01",0.33261321705825,0.345126240615379,0.32226054232637
"2010-09-02",0.328969597894062,0.359541129644543,0.311489272461395
"2010-09-03",0.328703439862723,0.36001915415834,0.311277405978937
"2010-09-04",0.322098944676892,0.353040755862388,0.32486029946072
"2010-09-05",0.348158595856189,0.36690882690886,0.284932577234951
"2010-09-06",0.344880222309698,0.36446232073566,0.290657456954642
"2010-09-07",0.351507433861318,0.365412759569862,0.28307980656882
"2010-09-08",0.328297698730487,0.35523112254693,0.316471178722583
"2010-09-09",0.332503516135738,0.33604816669309,0.331448317171172
"2010-09-10",0.328649596249866,0.344165689153036,0.327184714597099
"2010-09-11",0.348823791281851,0.363611063392937,0.287565145325212
"2010-09-12",0.347281677554047,0.362484175731119,0.290234146714834
"2010-09-13",0.333641221740774,0.348382736956569,0.317976041302656
"2010-09-28",0.332674346405723,0.334215588390325,0.333110065203952
"2010-09-29",0.32876972149562,0.350990703679287,0.320239574825094
"2010-09-30",0.331159799172907,0.358307048112013,0.310533152715079
"2010-10-01",0.3321065934273,0.338642486790908,0.329250919781792
"2010-10-02",0.331372289193,0.336780491961639,0.331847218845362
"2010-10-03",0.351731125585749,0.364304526275512,0.283964348138738
"2010-10-04",0.352920550849979,0.3622851351507,0.284794313999321
"2010-10-05",0.334579190691956,0.350054640810048,0.315366168497996
"2010-10-06",0.332319950558782,0.335022015697089,0.33265803374413
"2010-10-07",0.332545678384969,0.340979198375572,0.326475123239459
"2010-10-08",0.349053281297644,0.361792138080077,0.289154580622279
"2010-10-09",0.357543225882018,0.368817507553557,0.273639266564425
"2010-10-10",0.356222347334048,0.364072221133948,0.279705431532004
"2010-10-11",0.355251878710161,0.363995582560398,0.280752538729441
"2010-10-12",0.333818823834921,0.336919263917027,0.329261912248052
"2010-10-13",0.33358838672636,0.337828166124729,0.328583447148911
"2010-10-14",0.353506878068662,0.360121639655919,0.286371482275419
"2010-10-15",0.334054868013321,0.339101412437788,0.326843719548891
"2010-10-16",0.33199882118547,0.349145576102144,0.318855602712386
"2010-10-17",0.332170390377469,0.332408789136116,0.335420820486415
"2010-10-18",0.352175449015062,0.357308805646292,0.290515745338646
"2010-10-19",0.331589366265216,0.335866248240425,0.332544385494359
"2010-10-20",0.331661548270105,0.334859790031426,0.333478661698469
"2010-10-21",0.330842478795645,0.337516903382427,0.331640617821927
"2010-10-22",0.340413989794534,0.350452088838837,0.30913392136663
"2010-10-23",0.353500173810525,0.356586345362052,0.289913480827422
"2010-10-24",0.331416584102704,0.349924652656875,0.318658763240421
"2010-10-25",0.332066881621733,0.351943481083799,0.315989637294468
"2010-10-26",0.334453176973745,0.349455004526102,0.316091818500153
"2010-10-27",0.342921016467437,0.354808232124364,0.302270751408198
"2010-10-28",0.351046639892992,0.356580709739367,0.292372650367641
"2010-10-29",0.354024043410008,0.35763469297517,0.288341263614821
"2010-10-30",0.34538129227496,0.359484813984004,0.295133893741036
"2010-10-31",0.355506516417258,0.358195168656601,0.286298314926141
"2010-11-01",0.348454103936187,0.359415567513643,0.292130328550169
"2010-11-02",0.332604201366502,0.334381558914611,0.333014239718887
"2010-11-03",0.331406375324529,0.334482076787379,0.334111547888092
"2010-11-04",0.330181747931312,0.343221854032243,0.326596398036445
"2010-11-05",0.331294981167141,0.349995826280714,0.318709192552145
"2010-11-06",0.33262473533103,0.340848886844114,0.326526377824856
"2010-11-07",0.331526617079201,0.335191104223507,0.333282278697292
"2010-11-08",0.331958375518966,0.334135370677573,0.333906253803461
"2010-11-09",0.331469481856809,0.335588299267217,0.332942218875973
"2010-11-10",0.332640871186156,0.342204001479249,0.325155127334595
"2010-11-11",0.33176231245008,0.353012765626167,0.315224921923753
"2010-11-12",0.331170820988168,0.345345202286155,0.323483976725677
"2010-11-13",0.331891746001635,0.338232337445494,0.329875916552871
"2010-11-14",0.357559123219817,0.360212557906291,0.282228318873892
"2010-11-15",0.334250093520336,0.346343415949412,0.319406490530251
"2010-11-16",0.33145173745381,0.334165075371958,0.334383187174232
"2010-11-17",0.331832349816688,0.334222374006124,0.333945276177188
"2010-11-18",0.331743584410219,0.336694368863016,0.331562046726764
"2010-11-19",0.333381240231176,0.342467238028664,0.32415152174016
"2010-11-20",0.332824622592922,0.333232647895524,0.333942729511554
"2010-11-21",0.330378393296688,0.343800035848876,0.325821570854436
"2010-11-22",0.332209002760568,0.334117636899733,0.333673360339699
"2010-11-23",0.331717662081842,0.334089468911773,0.334192869006385
"2010-11-24",0.3306363526975,0.33411530870132,0.33524833860118
"2010-11-25",0.331331170235305,0.334439362394591,0.334229467370104
"2010-11-26",0.331961003771459,0.334304938015561,0.33373405821298
"2010-11-27",0.330193329503228,0.334148442371102,0.335658228125671
"2010-11-28",0.331330392247294,0.333323300846339,0.335346306906366
"2010-11-29",0.332145861029044,0.334398666208498,0.333455472762458
"2010-11-30",0.331876329803426,0.334359776903063,0.333763893293511
"2010-12-01",0.332526232104038,0.333875131795213,0.333598636100749
"2010-12-02",0.326990904552878,0.33293185057399,0.340077244873132
"2010-12-03",0.318256044145008,0.33224273321238,0.349501222642613
"2010-12-04",0.332722335918758,0.333861122504296,0.333416541576946
"2010-12-05",0.332689442588456,0.333688968968098,0.333621588443446
"2010-12-06",0.332879270135667,0.333648483197888,0.333472246666445
"2010-12-07",0.33295895715735,0.333434206218386,0.333606836624264
"2010-12-08",0.333281616100497,0.334424307957346,0.332294075942157
"2010-12-09",0.33207100456614,0.334462024834732,0.333466970599128
"2010-12-10",0.332868013165218,0.333574547484589,0.333557439350193
"2010-12-11",0.333249401192321,0.333885035063127,0.332865563744552
"2010-12-12",0.332109444524031,0.333615106432007,0.334275449043963
"2010-12-13",0.327283952837416,0.332582439649274,0.34013360751331
"2010-12-14",0.33282551865339,0.333745550426847,0.333428930919763
"2010-12-15",0.333244473733999,0.333617907698007,0.333137618567994
"2010-12-16",0.332726867998958,0.3337014672355,0.333571664765542
"2010-12-17",0.332725541036413,0.333714798811781,0.333559660151806
"2010-12-18",0.332645476444262,0.333417945810665,0.333936577745073
"2010-12-19",0.332272347113854,0.333699123565526,0.33402852932062
"2010-12-20",0.332314168240655,0.333705823041845,0.333980008717499
"2010-12-21",0.332943107679402,0.333700912836379,0.333355979484218
"2010-12-22",0.332857372248347,0.333679661278117,0.333462966473536
"2010-12-23",0.338054393011655,0.34769478581775,0.314250821170595
"2010-12-24",0.332464409249771,0.33395104459761,0.333584546152619
"2010-12-25",0.333409535019272,0.333436571200989,0.333153893779738
"2010-12-26",0.333110401998447,0.333541669096637,0.333347928904916
"2010-12-27",0.332890931665515,0.333731903088073,0.333377165246412
"2010-12-28",0.332704863921125,0.333733838468002,0.333561297610873
"2010-12-29",0.314925062525886,0.333417068435949,0.351657869038165
"2010-12-30",0.326846644797287,0.334001719574088,0.339151635628625
"2010-12-31",0.333033941981694,0.334137132230242,0.332828925788064
